Concurso de Estímulo ao Emprego Científico na Modalidade de Apoio Individual - 2018 /Stimulus of Scientific Employment, Individual Support 2018 Call;;;;;;;;;;;;;;
Resultados Após Avaliação /Results After Evaluation ;;;;;;;;;;;;;;
Lista ordenada da categoria de Investigador Principal / Ranked list of Principal Researchers;;;;;;;;;;;;;;
Reference/Referência;Nome Candidato/Applicant;Categoria/Contract Level;Painel de Avaliação/Evaluation Panel;Instituição Acolhimento/Host Institution;Classificação Final/Final Score;Classificação Final Consolidada/Consolidated Final Score;Recomendação para financiamento/Recommended for funding?;;;;;;;
CEECIND/03266/2018;E. Glenn Schellenberg;Principal researcher;Psychology and Cognitive Sciences;Centro de Investigação e Intervenção Social (CIS-IUL/ISCTE-IUL);10;10;Yes;;;;;;;
CEECIND/02275/2018;Antonio Vassallo;Principal researcher;Philosophy, Ethics and Religion;Centro de Filosofia (CF/ULisboa);9,7;9,4;Yes;;;;;;;
CEECIND/03345/2018;Jörg Dieter Becker;Principal researcher;Agricultural and Veterinary Sciences;Biorecursos para a Sustentabilidade (GREEN-IT/ITQB NOVA/UNL);9,7;9,4;Yes;;;;;;;
CEECIND/01334/2018;Nuno Teotonio Viegas Guerreiro Leonardo;Principal researcher;Physical Sciences;Laboratório de Instrumentação e Física Experimental de Partículas (LIP);9,7;9,4;Yes;;;;;;;
CEECIND/03268/2018;Caren Norden;Principal researcher;Biological Sciences AR, PR and CR;Instituto Gulbenkian de Ciência (IGC/FCG);9,7;9,4;Yes;;;;;;;
CEECIND/02589/2018;Claudio Areias Franco;Principal researcher;Basic and Clinical Medicine;Instituto de Medicina Molecular João lobo Antunes (IMM/FM/ULisboa);9,6;9,4;Yes;;;;;;;
CEECIND/02234/2018;Claudia Bank;Principal researcher;Biological Sciences AR, PR and CR;Instituto Gulbenkian de Ciência (IGC/FCG);9,6;9,2;Yes;;;;;;;
CEECIND/00826/2018;Sergio Antonio Goncalves de Sousa;Principal researcher;Physical Sciences;Instituto de Astrofísica e Ciências do Espaço (IA);9,6;9,2;Yes;;;;;;;
CEECIND/03592/2018;Maria Elsa Marques Peralta da Silva;Principal researcher;Arts and Other Humanities;Centro de Estudos Comparatistas (CEC/FL/ULisboa);9,6;9,2;Yes;;;;;;;
CEECIND/00698/2018;Andrea Daher;Principal researcher;Sociology and Other Social Sciences;Centro de Humanidades (CHAM/FCSH/UNL);9,5;9,1;Yes;;;;;;;
CEECIND/01883/2018;Ana Sofia Pereira Serrenho Reboleira;Principal researcher;Earth and Related Environmental Sciences and Other Natural Sciences;Centro de Estudos do Ambiente e do Mar (CESAM/UA);9,6;9,0;Yes;;;;;;;
CEECIND/01827/2018;Daniele Molinini;Principal researcher;Philosophy, Ethics and Religion;Centro de Filosofia da Ciência (FC/ULisboa);9,5;9,0;Yes;;;;;;;
CEECIND/03322/2018;Luisa Miranda Figueiredo;Principal researcher;Biological Sciences AR, PR and CR;Instituto de Medicina Molecular João lobo Antunes (IMM/FM/ULisboa);9,5;9,0;Yes;;;;;;;
CEECIND/00541/2018;Aleksey Yaremchenko;Principal researcher;Materials Engineering and Nano-technology;CICECO- Instituto de Materiais de Aveiro (CICECO/UA);9,3;9,0;Yes;;;;;;;
CEECIND/03230/2018;Sebastiana Fadda;Principal researcher;Arts and Other Humanities;Centro de Estudos de Teatro (CET/FL/ULisboa);9,5;9,0;Yes;;;;;;;
CEECIND/00556/2018;RUTH M. PLIEGO VAZQUEZ;Principal researcher;History and Archaeology;Centro de Arqueologia (UNIARQ/FL/ULisboa);9,2;8,9;Yes;;;;;;;
CEECIND/00609/2018;Fernando Manuel Alves Silva Pacheco Torgal;Principal researcher;Civil and Mechanical Engineering and Engineering Systems;Centro de Território, Ambiente e Construção (C-TAC/UM);9,9;8,8;Yes;;;;;;;
CEECIND/03453/2018;Paula Sofia Ramos de Sousa Sampaio;Principal researcher;Media and Communications, Law and Political Science;Instituto de Ciências Sociais da Universidade de Lisboa (ICS/ULisboa);9,5;8,8;Yes;;;;;;;
CEECIND/00706/2018;Vittorio Zanon;Principal researcher;Earth and Related Environmental Sciences and Other Natural Sciences;Instituto de Investigação em Vulcanologia e Avaliação de Riscos (IVAR/Uaçores/UAçores);9,5;8,8;Yes;;;;;;;
CEECIND/02290/2018;Maurizio Esposito;Principal researcher;Philosophy, Ethics and Religion;Centro Interuniversitário de História das Ciências e daTecnologia (CIUHCT);9,4;8,8;Yes;;;;;;;
CEECIND/00453/2018;Gonçalo José Lopes Bernardes;Principal researcher;Chemical Sciences;Instituto de Medicina Molecular João lobo Antunes (IMM/FM/ULisboa);9,7;8,8;Yes;;;;;;;
CEECIND/03780/2018;Everton Vasconcelos Machado;Principal researcher;Languages and Literature;Centro de Estudos Comparatistas (CEC/FL/ULisboa);9,7;8,8;Yes;;;;;;;
CEECIND/03414/2018;Rodrigo Freire Martins de Almeida;Principal researcher;Chemical Sciences;Centro de Química Estrutural (CQE/IST/ULisboa);9,7;8,8;Yes;;;;;;;
CEECIND/02086/2018;Pedro Miguel Teixeira Brites;Principal researcher;Health Sciences and Other Medical Sciences;Instituto de Investigação e Inovação em Saúde (i3S/UP);9,2;8,8;Yes;;;;;;;
CEECIND/00768/2018;Joao Carlos de Oliveira Mascarenhas Mateus;Principal researcher;Arts and Other Humanities;Centro de Investigação em Arquitectura, Urbanismo e Design (CIAUD);9,4;8,8;Yes;;;;;;;
CEECIND/03264/2018;Paula Alexandra Fernandes Borges dos Santos;Principal researcher;History and Archaeology;Instituto de História Contemporânea (IHC/FCSH/UNL);9,1;8,8;Yes;;;;;;;
CEECIND/01127/2018;Nicolas Francesco Van Goethem;Principal researcher;Mathematics and Computer and Information Sciences;Centro de Matemática, Aplicações Fundamentais e Investigação Operacional (ULisboa);9,2;8,8;Yes;;;;;;;
CEECIND/01864/2018;José Pedro de Abreu Coutinho;Principal researcher;Physical Sciences;Instituto de Nanoestruturas, Nanomodelação e Nanofabricação (I3N);9,4;8,8;Yes;;;;;;;
CEECIND/00096/2018;Iva Hristova Pashkuleva;Principal researcher;Materials Engineering and Nano-technology;ICVS/3B`s - Laboratório Associado (ICVS/3B`s);9,2;8,8;Yes;;;;;;;
CEECIND/01014/2018;Bruno Filipe Figueiras Medronho;Principal researcher;Agricultural and Veterinary Sciences;Centro para os Recursos Biológicos e Alimentação Mediterrânicos (MeditBio);9,4;8,8;Yes;;;;;;;
CEECIND/02387/2018;Iola Melissa Fernandes Duarte;Principal researcher;Medical Biotechnology;CICECO- Instituto de Materiais de Aveiro (CICECO/UA);9,5;8,8;Yes;;;;;;;
CEECIND/03877/2018;Maria de La Salete da Silva Balula;Principal researcher;Chemical Engineering;Laboratório Associado para a Química Verde - Tecnologias e Processos Limpos (REQUIMTE);9,0;8,8;Yes;;;;;;;
CEECIND/02220/2018;Ricardo Marnoto de Oliveira Campos;Principal researcher;Sociology and Other Social Sciences;Centro Interdisciplinar de Ciências Sociais (CICS.Nova/FCSH/UNL);9,3;8,8;Yes;;;;;;;
CEECIND/02170/2018;Susana Santos Lopes;Principal researcher;Basic and Clinical Medicine;iNOVA4Health - Programme in Translational Medicine (iNOVA4Health);9,2;8,8;Yes;;;;;;;
CEECIND/03482/2018;José Carlos Ribeiro Bessa;Principal researcher;Health Sciences and Other Medical Sciences;Instituto de Investigação e Inovação em Saúde (i3S/UP);9,2;8,8;Yes;;;;;;;
CEECIND/01574/2018;Li-Wei Chao;Principal researcher;Economics and Business, Social and Economic Geography;Centro de Economia e Finanças da Universidade do Porto (CEF.UP);8,8;8,8;Yes;;;;;;;
CEECIND/03451/2018;Rita Covas Monteiro;Principal researcher;Biological Sciences AR, PR and CR;Rede de Investigação em Biodiversidade e Biologia Evolutiva (InBIO/ICETA-Porto/ICETA);9,0;8,4;Yes*;;;;;;;
CEECIND/02929/2018;Telmo Alexandre Fernandes Morato Gomes;Principal researcher;Biological Sciences AR, PR and CR;MARE - Centro de Ciências do Mar e do Ambiente (MARE/FC/ULisboa);9,4;8,8;No;;;;;;;
CEECIND/03274/2018;José Carlos Alcobia Rogado de Brito;Principal researcher;Biological Sciences AR, PR and CR;Rede de Investigação em Biodiversidade e Biologia Evolutiva (InBIO/ICETA-Porto/ICETA);9,4;8,8;No;;;;;;;
CEECIND/01039/2018;Benjamín Costas Refojos;Principal researcher;Agricultural and Veterinary Sciences;Centro Interdisciplinar de Investigação Marinha e Ambiental (CIIMAR/CIMAR);9,4;8,8;No;;;;;;;
CEECIND/01376/2018;Diogo Pinto da Cruz Sampaio e Castro;Principal researcher;Biological Sciences AR, PR and CR;Instituto de Investigação e Inovação em Saúde (i3S/UP);9,4;8,8;No;;;;;;;
CEECIND/02159/2018;Gladys Elena Serrano Jerez;Principal researcher;Arts and Other Humanities;Centro Interuniversitário de História das Ciências e daTecnologia (CIUHCT);9,4;8,8;No;;;;;;;
CEECIND/03889/2018;Aristides Miguel da Costa Machado Rodrigues;Principal researcher;Sociology and Other Social Sciences;Centro de Investigação em Antropologia e Saúde (CIAS/FCT/UC);9,3;8,8;No;;;;;;;
CEECIND/02156/2018;Laurent Georges Denis Drouet;Principal researcher;Environmental Biotechnology and Engineering, Industrial Biotechnology and Other Engineering and Technologies;Centro de Investigação em Ambiente e Sustentabilidade (CENSE/FCTUNL/UNL);9,3;8,8;No;;;;;;;
CEECIND/03871/2018;Miguel Tierz Parra;Principal researcher;Mathematics and Computer and Information Sciences;Grupo de Física Matemática (GFM/ULisboa);9,2;8,8;No;;;;;;;
CEECIND/02432/2018;Ayman Radwan;Principal researcher;Electrical, Electronic and Information Engineering;Instituto de Telecomunicações (IT);8,9;8,8;No;;;;;;;
CEECIND/00006/2018;Joana Catarina da Silva Correia;Principal researcher;Medical Engineering;ICVS/3B`s - Laboratório Associado (ICVS/3B`s);8,6;8,8;No;;;;;;;
CEECIND/00112/2018;Lúcia Maria Teixeira Pombo;Principal researcher;Education;Centro de Investigação em Didáctica e Tecnologia na Formação de Formadores (CIDTFF/UA);8,1;8,8;No;;;;;;;
CEECIND/02174/2018;Christin-Melanie Vauclair;Principal researcher;Psychology and Cognitive Sciences;Centro de Investigação e Intervenção Social (CIS-IUL/ISCTE-IUL);9,9;8,7;No;;;;;;;
CEECIND/00892/2018;Elsa Clara Carvalho Logarinho Santos;Principal researcher;Biological Sciences AR, PR and CR;Instituto de Investigação e Inovação em Saúde (i3S/UP);9,3;8,7;No;;;;;;;
CEECIND/03373/2018;Isabel Alexandra Aguiar de Abreu;Principal researcher;Agricultural and Veterinary Sciences;Biorecursos para a Sustentabilidade (GREEN-IT/ITQB NOVA/UNL);9,3;8,7;No;;;;;;;
CEECIND/02510/2018;David James Alexander Edward Harris;Principal researcher;Biological Sciences AR, PR and CR;Rede de Investigação em Biodiversidade e Biologia Evolutiva (InBIO/ICETA-Porto/ICETA);9,3;8,7;No;;;;;;;
CEECIND/01967/2018;Angelo Cattaneo;Principal researcher;History and Archaeology;Centro de Humanidades (CHAM/FCSH/UNL);9,0;8,7;No;;;;;;;
CEECIND/00639/2018;Catia Cristina Capelo Ornelas Megiatto;Principal researcher;Chemical Sciences;Centro de Química da Madeira (CQM/UMA);9,6;8,7;No;;;;;;;
CEECIND/02305/2018;Tiago José Quinteiros Lopes Henriques da Silva;Principal researcher;Environmental Biotechnology and Engineering, Industrial Biotechnology and Other Engineering and Technologies;ICVS/3B`s - Laboratório Associado (ICVS/3B`s);9,2;8,7;No;;;;;;;
CEECIND/00361/2018;José António Oliveira Martins;Principal researcher;Arts and Other Humanities;Centro de Investigação em Ciências e Tecnologias das Artes (CITAR/CRP/UCP);9,3;8,7;No;;;;;;;
CEECIND/00385/2018;Juan Cristobal Cobo Romani;Principal researcher;Media and Communications, Law and Political Science;Instituto de Ciências Sociais da Universidade de Lisboa (ICS/ULisboa);9,4;8,7;No;;;;;;;
CEECIND/03243/2018;Cláudia Barreiros Macedo de Faria;Principal researcher;Education;Instituto de Ciências Sociais da Universidade de Lisboa (ICS/ULisboa);8,0;8,7;No;;;;;;;
CEECIND/03499/2018;Vasco Daniel Bigas Bonifácio;Principal researcher;Chemical Sciences;Instituto de Bioengenharia e Biociências (iBB/IST/ULisboa);9,5;8,6;No;;;;;;;
CEECIND/00516/2018;Jarle Brinchmann;Principal researcher;Physical Sciences;Instituto de Astrofísica e Ciências do Espaço (IA);9,2;8,6;No;;;;;;;
CEECIND/01591/2018;Joao Oliveira Ventura;Principal researcher;Materials Engineering and Nano-technology;Instituto de Nanociência e Nanotecnologia;9,0;8,6;No;;;;;;;
CEECIND/02225/2018;Lorenzo Cazon Boado;Principal researcher;Physical Sciences;Laboratório de Instrumentação e Física Experimental de Partículas (LIP);9,2;8,6;No;;;;;;;
CEECIND/03613/2018;António Manuel Missionário Roldão;Principal researcher;Environmental Biotechnology and Engineering, Industrial Biotechnology and Other Engineering and Technologies;iNOVA4Health - Programme in Translational Medicine (iNOVA4Health);9,1;8,6;No;;;;;;;
CEECIND/01493/2018;Ricardo Jorge Leal Silvestre;Principal researcher;Health Sciences and Other Medical Sciences;ICVS/3B`s - Laboratório Associado (ICVS/3B`s);9,0;8,6;No;;;;;;;
CEECIND/02610/2018;Susana Paula Florindo Salgado;Principal researcher;Media and Communications, Law and Political Science;Instituto de Ciências Sociais da Universidade de Lisboa (ICS/ULisboa);9,3;8,6;No;;;;;;;
CEECIND/01775/2018;Ana Belén Pereiro Estévez;Principal researcher;Chemical Engineering;Laboratório Associado para a Química Verde - Tecnologias e Processos Limpos (REQUIMTE);8,8;8,6;No;;;;;;;
CEECIND/02594/2018;Andrew Renton Mein;Principal researcher;History and Archaeology;Centro de História (CH/FL/ULisboa);8,9;8,6;No;;;;;;;
CEECIND/01973/2018;Julio Gonçalves Pedrosa dos Santos;Principal researcher;Education;Centro de Investigação e Intervenção Educativas (CIIE/FPCE/UP);7,9;8,6;No;;;;;;;
CEECIND/00102/2018;Maria Ana Almeida Colaço;Principal researcher;Earth and Related Environmental Sciences and Other Natural Sciences;MARE - Centro de Ciências do Mar e do Ambiente (MARE/FC/ULisboa);9,2;8,5;No;;;;;;;
CEECIND/03037/2018;Vitor Emanuel Marta da Silva;Principal researcher;Civil and Mechanical Engineering and Engineering Systems;Riscos e Sustentabilidade na Construção (RISCO);9,6;8,5;No;;;;;;;
CEECIND/00460/2018;Daniel Kostic;Principal researcher;Philosophy, Ethics and Religion;Centro de Filosofia da Ciência (FC/ULisboa);9,1;8,5;No;;;;;;;
CEECIND/00150/2018;Julian Richmond Hanna;Principal researcher;Languages and Literature;Laboratório de Robótica e Sistemas de Engenharia (Larsys);9,4;8,5;No;;;;;;;
CEECIND/02355/2018;Ana Pimenta da Gama da Silveira Viana Semedo;Principal researcher;Chemical Sciences;Centro de Química Estrutural (CQE/IST/ULisboa);9,4;8,5;No;;;;;;;
CEECIND/00288/2018;Simone Tulumello;Principal researcher;Economics and Business, Social and Economic Geography;Instituto de Ciências Sociais da Universidade de Lisboa (ICS/ULisboa);8,5;8,5;No;;;;;;;
CEECIND/03577/2018;Eugen Radu;Principal researcher;Physical Sciences;Centro de Investigação e Desenvolvimento em Matemática e Aplicações (CIDMA/DM/UA);9,1;8,5;No;;;;;;;
CEECIND/02215/2018;Isabel Maria Sousa Gomes Mafra;Principal researcher;Agricultural and Veterinary Sciences;Laboratório Associado para a Química Verde - Tecnologias e Processos Limpos (REQUIMTE);9,1;8,5;No;;;;;;;
CEECIND/03394/2018;João Filipe Pedreira de Oliveira;Principal researcher;Health Sciences and Other Medical Sciences;ICVS/3B`s - Laboratório Associado (ICVS/3B`s);8,9;8,5;No;;;;;;;
CEECIND/02885/2018;Federico Herrera;Principal researcher;Health Sciences and Other Medical Sciences;Microbiologia Molecular, Estrutural e Celular (MOSTMICRO/ITQB NOVA/UNL);8,9;8,5;No;;;;;;;
CEECIND/00738/2018;Sérgio Manuel De Sousa Pereira;Principal researcher;Materials Engineering and Nano-technology;CICECO- Instituto de Materiais de Aveiro (CICECO/UA);8,9;8,5;No;;;;;;;
CEECIND/02870/2018;Susana Rodriguez Echeverria;Principal researcher;Biological Sciences AR, PR and CR;Centro de Ecologia Funcional (CFE/FCT/UC);9,1;8,5;No;;;;;;;
CEECIND/02733/2018;Ana Sofia Oliveira Henriques Moita;Principal researcher;Civil and Mechanical Engineering and Engineering Systems;Laboratório de Robótica e Sistemas de Engenharia (Larsys);9,5;8,4;No;;;;;;;
CEECIND/02696/2018;Sónia Amélia Cabral Matos;Principal researcher;Arts and Other Humanities;Laboratório de Robótica e Sistemas de Engenharia (Larsys);9,0;8,4;No;;;;;;;
CEECIND/00257/2018;Pedro Nuno da Costa Leão;Principal researcher;Chemical Sciences;Centro Interdisciplinar de Investigação Marinha e Ambiental (CIIMAR/CIMAR);9,3;8,4;No;;;;;;;
CEECIND/03140/2018;Manuel Pinto Deniz Silva;Principal researcher;Arts and Other Humanities;Instituto de Etnomusicologia - Centro de Estudos em Música e Dança (INET- md);9,0;8,4;No;;;;;;;
CEECIND/02344/2018;Sofia Andringa Dias;Principal researcher;Physical Sciences;Laboratório de Instrumentação e Física Experimental de Partículas (LIP);9,0;8,4;No;;;;;;;
CEECIND/01750/2018;Catarina Jorge Ginja;Principal researcher;Agricultural and Veterinary Sciences;Rede de Investigação em Biodiversidade e Biologia Evolutiva (InBIO/ICETA-Porto/ICETA);9,0;8,4;No;;;;;;;
CEECIND/03280/2018;Pedro Soares;Principal researcher;Earth and Related Environmental Sciences and Other Natural Sciences;Instituto Dom Luíz (IDL/FC/ULisboa);9,1;8,4;No;;;;;;;
CEECIND/01226/2018;João Manuel de Brito Carreiras;Principal researcher;Agricultural and Veterinary Sciences;Centro de Estudos Florestais (CEF/ISA/ULisboa);9,0;8,4;No;;;;;;;
CEECIND/03253/2018;Ana Cristina Delaunay Caperta;Principal researcher;Agricultural and Veterinary Sciences;Centro de Investigação em Agronomia, Alimentos, Ambiente e Paisagem (LEAF/ISA/ULisboa);9,0;8,4;No;;;;;;;
CEECIND/03332/2018;Paulo Jorge Sousa Nunes Pereira;Principal researcher;Health Sciences and Other Medical Sciences;Instituto de Investigação e Inovação em Saúde (i3S/UP);8,8;8,4;No;;;;;;;
CEECIND/02279/2018;Mustafah Dhada;Principal researcher;History and Archaeology;Centro de Estudos Sociais (CES);8,7;8,4;No;;;;;;;
CEECIND/01946/2018;Mara Elga Medeiros Braga;Principal researcher;Chemical Engineering;Centro de Investigação em Engenharia dos Processos Químicos e dos Produtos da Floresta (CIEPQPF/FCT/UC);8,6;8,4;No;;;;;;;
CEECIND/03171/2018;Ana Isabel Dias Daniel;Principal researcher;Economics and Business, Social and Economic Geography;Unidade de Investigação em Governança, Competitividade e Políticas Públicas (GOVCOPP);8,4;8,4;No;;;;;;;
CEECIND/00121/2018;Leonardo Avritzer;Principal researcher;Media and Communications, Law and Political Science;Centro de Estudos Sociais (CES);9,1;8,4;No;;;;;;;
CEECIND/00211/2018;Cláudia Sofia Castro Gomes da Silva;Principal researcher;Chemical Engineering;Laboratório de Processos de Separação e Reacção - Laboratório de Catálise e Materiais (LSRE-LCM/FE/UP);8,6;8,4;No;;;;;;;
CEECIND/00714/2018;Alessandra da Silva Souza de Carvalho;Principal researcher;Psychology and Cognitive Sciences;Centro de Investigação em Psicologia (CIPsi/UM);9,4;8,3;No;;;;;;;
CEECIND/03484/2018;Maria da Graça Luderitz Hoefel;Principal researcher;Sociology and Other Social Sciences;Instituto de Sociologia (IS/FL/UP);8,8;8,3;No;;;;;;;
CEECIND/00906/2018;Jerome Francois Alain Jean Rousseau;Principal researcher;Mathematics and Computer and Information Sciences;Centro de Matemática (CM);8,7;8,3;No;;;;;;;
CEECIND/03240/2018;Vitor Manuel Pereira;Principal researcher;Physical Sciences;Centro de Física (CF/UM);8,9;8,3;No;;;;;;;
CEECIND/03229/2018;Joao Cunha de Sequeira Amaral;Principal researcher;Physical Sciences;CICECO- Instituto de Materiais de Aveiro (CICECO/UA);8,9;8,3;No;;;;;;;
CEECIND/02827/2018;Sónia Alexandra Correia Carabineiro;Principal researcher;Chemical Sciences;Centro de Química Estrutural (CQE/IST/ULisboa);9,1;8,3;No;;;;;;;
CEECIND/01960/2018;Matthias Erwin Futschik;Principal researcher;Biological Sciences AR, PR and CR;Centro de Ciências do Mar (CCMar/CIMAR);8,9;8,3;No;;;;;;;
CEECIND/01338/2018;Newton Carlos Marcial Gomes;Principal researcher;Biological Sciences AR, PR and CR;Centro de Estudos do Ambiente e do Mar (CESAM/UA);8,9;8,3;No;;;;;;;
CEECIND/02678/2018;Andreas Broeckmann;Principal researcher;Arts and Other Humanities;I2ADS - Instituto de Investigação em Arte, Design e Sociedade (I2ADS);8,9;8,3;No;;;;;;;
CEECIND/02583/2018;Victor César Pereira da Silva;Principal researcher;History and Archaeology;Instituto de História Contemporânea (IHC/FCSH/UNL);8,6;8,3;No;;;;;;;
CEECIND/02322/2018;José Richard Baptista Gomes;Principal researcher;Chemical Sciences;CICECO- Instituto de Materiais de Aveiro (CICECO/UA);9,1;8,3;No;;;;;;;
CEECIND/02477/2018;Maria De Jesus Quintas Reis Cabral;Principal researcher;Languages and Literature;Centro de Estudos Anglísticos da Universidade de Lisboa (CEAUL/FL/ULisboa);9,2;8,3;No;;;;;;;
CEECIND/01580/2018;Pedro Manuel Broa Costa;Principal researcher;Biological Sciences AR, PR and CR;Unidade de Ciências Biomoleculares Aplicadas (UCIBIO);8,9;8,3;No;;;;;;;
CEECIND/01355/2018;Glória Catarina Pinto;Principal researcher;Agricultural and Veterinary Sciences;Centro de Estudos do Ambiente e do Mar (CESAM/UA);8,9;8,3;No;;;;;;;
CEECIND/02059/2018;Shahid Mumtaz;Principal researcher;Electrical, Electronic and Information Engineering;Instituto de Telecomunicações (IT);8,4;8,3;No;;;;;;;
CEECIND/00192/2018;Mauricio Breternitz Jr;Principal researcher;Electrical, Electronic and Information Engineering;Instituto de Engenharia de Sistemas e Computadores, Investigação e Desenvolvimento em Lisboa (INESC ID/INESC/IST/ULisboa);8,4;8,3;No;;;;;;;
CEECIND/02302/2018;Marco MARTINS AFONSO;Principal researcher;Physical Sciences;Centro de Matemática (CM);8,8;8,2;No;;;;;;;
CEECIND/02195/2018;Irina Gorodetskaya;Principal researcher;Earth and Related Environmental Sciences and Other Natural Sciences;Centro de Estudos do Ambiente e do Mar (CESAM/UA);8,9;8,2;No;;;;;;;
CEECIND/00797/2018;Luis Guilherme dos Santos Marques Pedro;Principal researcher;Media and Communications, Law and Political Science;Teoria e História do Direito - Centro de Investigação da Ulisboa (THD-Ulisboa);8,9;8,2;No;;;;;;;
CEECIND/04161/2018;Amilcar Manuel Reis Moreira;Principal researcher;Sociology and Other Social Sciences;Investigação em Ciências Sociais e Gestão (CSG) (CSG);8,7;8,2;No;;;;;;;
CEECIND/02053/2018;Bruno Miguel Barreiro Henriques;Principal researcher;Physical Sciences;Instituto de Astrofísica e Ciências do Espaço (IA);8,8;8,2;No;;;;;;;
CEECIND/03687/2018;Maria João de Medeiros Brazão Lopes Feio;Principal researcher;Earth and Related Environmental Sciences and Other Natural Sciences;MARE - Centro de Ciências do Mar e do Ambiente (MARE/FC/ULisboa);8,9;8,2;No;;;;;;;
CEECIND/01936/2018;Andreas Papaefstathiou;Principal researcher;Physical Sciences;Laboratório de Instrumentação e Física Experimental de Partículas (LIP);8,8;8,2;No;;;;;;;
CEECIND/00428/2018;Isabel Cristina dos Santos Lourenço Marques;Principal researcher;Biological Sciences AR, PR and CR;Centro de Ecologia, Evolução e Alterações Ambientais (CE3C/FC/ULisboa);8,8;8,2;No;;;;;;;
CEECIND/01903/2018;Maria Otilia Vitoriana Vieira;Principal researcher;Basic and Clinical Medicine;iNOVA4Health - Programme in Translational Medicine (iNOVA4Health);8,6;8,2;No;;;;;;;
CEECIND/01799/2018;Enrico Borghetto;Principal researcher;Media and Communications, Law and Political Science;Centro Interdisciplinar de Ciências Sociais (CICS.Nova/FCSH/UNL);8,8;8,2;No;;;;;;;
CEECIND/03903/2018;Carla da Conceicao Caramujo Rocha de Carvalho;Principal researcher;Environmental Biotechnology and Engineering, Industrial Biotechnology and Other Engineering and Technologies;Instituto de Bioengenharia e Biociências (iBB/IST/ULisboa);8,7;8,2;No;;;;;;;
CEECIND/02786/2018;Rogério Pedro Lemos de Sousa Pirraco;Principal researcher;Medical Biotechnology;ICVS/3B`s - Laboratório Associado (ICVS/3B`s);8,9;8,2;No;;;;;;;
CEECIND/01791/2018;Alexandre Babo de Almeida Paiva;Principal researcher;Chemical Engineering;Laboratório Associado para a Química Verde - Tecnologias e Processos Limpos (REQUIMTE);8,4;8,2;No;;;;;;;
CEECIND/01923/2018;Carla Alexandra Moreira Portugal;Principal researcher;Chemical Engineering;Laboratório Associado para a Química Verde - Tecnologias e Processos Limpos (REQUIMTE);8,4;8,2;No;;;;;;;
CEECIND/00441/2018;Vitor Hugo Rodrigues Paiva;Principal researcher;Earth and Related Environmental Sciences and Other Natural Sciences;MARE - Centro de Ciências do Mar e do Ambiente (MARE/FC/ULisboa);8,8;8,2;No;;;;;;;
CEECIND/01491/2018;Isabel Maria Cunha Antunes Lopes;Principal researcher;Earth and Related Environmental Sciences and Other Natural Sciences;Centro de Estudos do Ambiente e do Mar (CESAM/UA);8,8;8,2;No;;;;;;;
CEECIND/02287/2018;Elena Baena-Gonzalez;Principal researcher;Biological Sciences AR, PR and CR;Biorecursos para a Sustentabilidade (GREEN-IT/ITQB NOVA/UNL);8,7;8,1;No;;;;;;;
CEECIND/03488/2018;Rute Andreia Rodrigues da Fonseca;Principal researcher;Biological Sciences AR, PR and CR;Centro Interdisciplinar de Investigação Marinha e Ambiental (CIIMAR/CIMAR);8,7;8,1;No;;;;;;;
CEECIND/00725/2018;Mário Rui Santos Gomes Pereira;Principal researcher;Biological Sciences AR, PR and CR;Instituto de Investigação e Inovação em Saúde (i3S/UP);8,6;8,1;No;;;;;;;
CEECIND/02520/2018;Igor Ivanov;Principal researcher;Physical Sciences;Centro de Física Teórica de Partículas (CFTP/IST/ULisboa);8,6;8,1;No;;;;;;;
CEECIND/02175/2018;Paolo Maffezioli;Principal researcher;Philosophy, Ethics and Religion;Centro de Filosofia (CF/ULisboa);8,7;8,1;No;;;;;;;
CEECIND/01744/2018;Celso Henrique Guerreiro Manso de Almeida;Principal researcher;Environmental Biotechnology and Engineering, Industrial Biotechnology and Other Engineering and Technologies;Centro de Estudos de Ciência Animal (CECA/ICETA-Porto/ICETA);8,6;8,1;No;;;;;;;
CEECIND/01244/2018;Guillaume Laurent Erny;Principal researcher;Chemical Sciences;Laboratório de Engenharia de Processos, Ambiente, Biotecnologia e Energia (LEPABE/FE/UP);8,9;8,1;No;;;;;;;
CEECIND/01716/2018;Ana Gonçalves Leite de Assunção;Principal researcher;Agricultural and Veterinary Sciences;Rede de Investigação em Biodiversidade e Biologia Evolutiva (InBIO/ICETA-Porto/ICETA);8,6;8,1;No;;;;;;;
CEECIND/02921/2018;VASCO TEMUDO E MELO CABRAL BARRETO;Principal researcher;Biological Sciences AR, PR and CR;iNOVA4Health - Programme in Translational Medicine (iNOVA4Health);8,7;8,1;No;;;;;;;
CEECIND/02182/2018;Andreia Cristina Matos Oliveira;Principal researcher;Health Sciences and Other Medical Sciences;Unidade de Investigação em Epidemiologia - Instituto de Saúde Pública da Universidade do Porto (ISPUP - EPIUnit/ISPUP/UP);8,5;8,1;No;;;;;;;
CEECIND/00740/2018;Ana Isabel Costa Febrero de Queiroz;Principal researcher;History and Archaeology;Instituto de História Contemporânea (IHC/FCSH/UNL);8,4;8,1;No;;;;;;;
CEECIND/02996/2018;Natasha Samko;Principal researcher;Mathematics and Computer and Information Sciences;Centro de Investigação e Desenvolvimento em Matemática e Aplicações (CIDMA/DM/UA);8,5;8,1;No;;;;;;;
CEECIND/03223/2018;Nuno Miguel Pinto de Sousa Monteiro;Principal researcher;Biological Sciences AR, PR and CR;Rede de Investigação em Biodiversidade e Biologia Evolutiva (InBIO/ICETA-Porto/ICETA);8,6;8,1;No;;;;;;;
CEECIND/00091/2018;Marina de Araujo Igreja;Principal researcher;History and Archaeology;Centro de Arqueologia (UNIARQ/FL/ULisboa);8,4;8,1;No;;;;;;;
CEECIND/03464/2018;Jakob Krebs;Principal researcher;Philosophy, Ethics and Religion;IFILNOVA- Instituto de Filosofia da Nova (IFILNOVA) (IFILNOVA/FCSH/UNL);8,7;8,1;No;;;;;;;
CEECIND/02524/2018;Erich Herrmann Rast;Principal researcher;Philosophy, Ethics and Religion;IFILNOVA- Instituto de Filosofia da Nova (IFILNOVA) (IFILNOVA/FCSH/UNL);8,7;8,1;No;;;;;;;
CEECIND/02582/2018;Michal Michalowski;Principal researcher;Physical Sciences;Instituto de Astrofísica e Ciências do Espaço (IA);8,6;8,1;No;;;;;;;
CEECIND/00668/2018;Duarte Custal Ferreira Barral;Principal researcher;Basic and Clinical Medicine;iNOVA4Health - Programme in Translational Medicine (iNOVA4Health);8,5;8,1;No;;;;;;;
CEECIND/01242/2018;Gonçalo Canelas Cardoso;Principal researcher;Biological Sciences AR, PR and CR;Rede de Investigação em Biodiversidade e Biologia Evolutiva (InBIO/ICETA-Porto/ICETA);8,7;8,1;No;;;;;;;
CEECIND/01803/2018;Filipa Alves Raimundo;Principal researcher;Media and Communications, Law and Political Science;Instituto de Ciências Sociais da Universidade de Lisboa (ICS/ULisboa);8,6;8,0;No;;;;;;;
CEECIND/04112/2018;MANUELA GIOVANETTI;Principal researcher;Agricultural and Veterinary Sciences;Centro de Ecologia, Evolução e Alterações Ambientais (CE3C/FC/ULisboa);8,5;8,0;No;;;;;;;
CEECIND/04162/2018;Polychronis Papaderos;Principal researcher;Physical Sciences;Instituto de Astrofísica e Ciências do Espaço (IA);8,5;8,0;No;;;;;;;
CEECIND/03912/2018;Maria João Lopes Gonçalves de Brito Amorim;Principal researcher;Biological Sciences AR, PR and CR;Instituto Gulbenkian de Ciência (IGC/FCG);8,5;8,0;No;;;;;;;
CEECIND/00929/2018;André Miguel Duarte Pacheco;Principal researcher;Environmental Biotechnology and Engineering, Industrial Biotechnology and Other Engineering and Technologies;Centro de Investigação Marinha e Ambiental (CIMA/FCMA/UAlg);8,5;8,0;No;;;;;;;
CEECIND/03837/2018;Andrei Nikolaevich Salak;Principal researcher;Physical Sciences;CICECO- Instituto de Materiais de Aveiro (CICECO/UA);8,5;8,0;No;;;;;;;
CEECIND/01615/2018;SONIA ALEXANDRA MORAIS RODRIGUES;Principal researcher;Earth and Related Environmental Sciences and Other Natural Sciences;Centro de Estudos do Ambiente e do Mar (CESAM/UA);8,6;8,0;No;;;;;;;
CEECIND/01963/2018;Tatiana Gabriela Rappoport;Principal researcher;Physical Sciences;Centro de Física (CF/UM);8,5;8,0;No;;;;;;;
CEECIND/01392/2018;Alessandro Jedlowski;Principal researcher;Sociology and Other Social Sciences;Centro em Rede de Investigação em Antropologia (CRIA);8,5;8,0;No;;;;;;;
CEECIND/01350/2018;Rodrigo Riera;Principal researcher;Earth and Related Environmental Sciences and Other Natural Sciences;MARE - Centro de Ciências do Mar e do Ambiente (MARE/FC/ULisboa);8,6;8,0;No;;;;;;;
CEECIND/00195/2018;Irene Flunser Pimentel;Principal researcher;History and Archaeology;Instituto de História Contemporânea (IHC/FCSH/UNL);8,3;8,0;No;;;;;;;
CEECIND/01185/2018;Sandra da Conceição Ribeiro de Carvalho;Principal researcher;Psychology and Cognitive Sciences;Centro de Investigação em Psicologia (CIPsi/UM);9,0;7,9;No;;;;;;;
CEECIND/03261/2018;José Ricardo Morais Silva Gonçalo;Principal researcher;Physical Sciences;Laboratório de Instrumentação e Física Experimental de Partículas (LIP);8,4;7,9;No;;;;;;;
CEECIND/02855/2018;Dora Cristina Vicente Batista Lyon de Castro;Principal researcher;Agricultural and Veterinary Sciences;Centro de Investigação em Agronomia, Alimentos, Ambiente e Paisagem (LEAF/ISA/ULisboa);8,4;7,9;No;;;;;;;
CEECIND/00688/2018;Diana Maria Pinto Prata;Principal researcher;Basic and Clinical Medicine;Instituto de Biofísica e Engenharia Biomédica (IBEB/FC/ULisboa);8,3;7,9;No;;;;;;;
CEECIND/00289/2018;Catarina Fernandes Barreira;Principal researcher;Arts and Other Humanities;Instituto de Estudos Medievais (IEM/FCSH/UNL);8,4;7,9;No;;;;;;;
CEECIND/03512/2018;Alexandre Ferreira Porfírio Ferreira;Principal researcher;Environmental Biotechnology and Engineering, Industrial Biotechnology and Other Engineering and Technologies;Laboratório de Processos de Separação e Reacção - Laboratório de Catálise e Materiais (LSRE-LCM/FE/UP);8,4;7,9;No;;;;;;;
CEECIND/00020/2018;Sofia Alexandra Dias Engrola;Principal researcher;Biological Sciences AR, PR and CR;Centro de Ciências do Mar (CCMar/CIMAR);8,4;7,9;No;;;;;;;
CEECIND/00786/2018;Maria Teresa Matos Ferreira Marques;Principal researcher;Philosophy, Ethics and Religion;Centro de Filosofia (CF/ULisboa);8,4;7,9;No;;;;;;;
CEECIND/00925/2018;Maria Isabel Rodrigues Correia;Principal researcher;Chemical Sciences;Centro de Química Estrutural (CQE/IST/ULisboa);8,7;7,9;No;;;;;;;
CEECIND/00846/2018;Manuel Pedro Fernandes Graça;Principal researcher;Materials Engineering and Nano-technology;Instituto de Nanoestruturas, Nanomodelação e Nanofabricação (I3N);8,3;7,9;No;;;;;;;
CEECIND/01897/2018;Liana Casquinha da Silva;Principal researcher;Biological Sciences AR, PR and CR;Instituto de Investigação do Medicamento (iMed/FF/ULisboa);8,4;7,9;No;;;;;;;
CEECIND/02381/2018;Carla Maria de Jesus Montez Fernandes;Principal researcher;Arts and Other Humanities;Centro de Investigação em Comunicação, Informação e Cultura Digital (CIC. Digital/FCSH/UNL);8,4;7,9;No;;;;;;;
CEECIND/00077/2018;Amanda Oliveira Rabelo;Principal researcher;Education;Unidade de Investigação e Desenvolvimento em Educação e Formação (UIDEF/IE/ULisboa);7,3;7,9;No;;;;;;;
CEECIND/00985/2018;Ivo Telley;Principal researcher;Biological Sciences AR, PR and CR;Instituto Gulbenkian de Ciência (IGC/FCG);8,3;7,8;No;;;;;;;
CEECIND/03950/2018;Célia Maria Dias Sales;Principal researcher;Psychology and Cognitive Sciences;Centro de Psicologia (CP/FPCE/UP);8,9;7,8;No;;;;;;;
CEECIND/00491/2018;Lianshe Fu;Principal researcher;Materials Engineering and Nano-technology;CICECO- Instituto de Materiais de Aveiro (CICECO/UA);8,2;7,8;No;;;;;;;
CEECIND/00131/2018;Andrey Morozov;Principal researcher;Physical Sciences;Laboratório de Instrumentação e Física Experimental de Partículas (LIP);8,3;7,8;No;;;;;;;
CEECIND/02784/2018;Ricardo Alexandre Rodrigues Pires;Principal researcher;Materials Engineering and Nano-technology;ICVS/3B`s - Laboratório Associado (ICVS/3B`s);8,2;7,8;No;;;;;;;
CEECIND/01843/2018;Maria Raquel Barata Godinho;Principal researcher;Biological Sciences AR, PR and CR;Rede de Investigação em Biodiversidade e Biologia Evolutiva (InBIO/ICETA-Porto/ICETA);8,3;7,8;No;;;;;;;
CEECIND/02800/2018;Guya Accornero;Principal researcher;Sociology and Other Social Sciences;Centro de Investigação e Estudos de Sociologia (CIES-IUL/ISCTE-IUL);8,2;7,8;No;;;;;;;
CEECIND/02459/2018;Sandra Manuela Rodrigues Sousa;Principal researcher;Biological Sciences AR, PR and CR;Instituto de Investigação e Inovação em Saúde (i3S/UP);8,3;7,8;No;;;;;;;
CEECIND/01684/2018;Luca Bussotti;Principal researcher;Media and Communications, Law and Political Science;Centro de Estudos Internacionais (CEI-IUL/ISCTE-IUL);8,4;7,8;No;;;;;;;
CEECIND/01123/2018;Ermelinda Maçoas;Principal researcher;Chemical Sciences;Centro de Química Estrutural (CQE/IST/ULisboa);8,6;7,8;No;;;;;;;
CEECIND/01437/2018;Chiara Gemma Pussetti;Principal researcher;Sociology and Other Social Sciences;Instituto de Ciências Sociais da Universidade de Lisboa (ICS/ULisboa);8,2;7,8;No;;;;;;;
CEECIND/04095/2018;Maria Margarida de Carvalho Negrão Serra;Principal researcher;Medical Biotechnology;iNOVA4Health - Programme in Translational Medicine (iNOVA4Health);8,4;7,8;No;;;;;;;
CEECIND/03358/2018;Andrea Picin;Principal researcher;History and Archaeology;Centro Interdisciplinar de Arqueologia e Evolução do Comportamento Humano (ICArEHB/UAlg);8,1;7,8;No;;;;;;;
CEECIND/00260/2018;Ana Cristina da Silva Fernandes;Principal researcher;Chemical Sciences;Centro de Química Estrutural (CQE/IST/ULisboa);8,6;7,8;No;;;;;;;
CEECIND/03570/2018;Silvina Martins Pereira;Principal researcher;Arts and Other Humanities;Centro de Estudos Clássicos (CEC/FL/ULisboa);8,3;7,8;No;;;;;;;
CEECIND/00261/2018;Andrei Kavaleuski;Principal researcher;Materials Engineering and Nano-technology;CICECO- Instituto de Materiais de Aveiro (CICECO/UA);8,2;7,8;No;;;;;;;
CEECIND/04015/2018;Jingzhong xiao;Principal researcher;Materials Engineering and Nano-technology;Centro de Física da Universidade de Coimbra (CFisUC/FCT/UC);8,0;7,7;No;;;;;;;
CEECIND/03781/2018;Galya Ivanova Ivanova;Principal researcher;Chemical Sciences;Laboratório Associado para a Química Verde - Tecnologias e Processos Limpos (REQUIMTE);8,5;7,7;No;;;;;;;
CEECIND/01597/2018;Armando M.C. Pires Remondes;Principal researcher;Health Sciences and Other Medical Sciences;Instituto de Medicina Molecular João lobo Antunes (IMM/FM/ULisboa);8,1;7,7;No;;;;;;;
CEECIND/02871/2018;Alexandra Maria Monteiro Gouveia;Principal researcher;Health Sciences and Other Medical Sciences;Instituto de Investigação e Inovação em Saúde (i3S/UP);8,1;7,7;No;;;;;;;
CEECIND/01853/2018;Pietro Faccioli;Principal researcher;Physical Sciences;Laboratório de Instrumentação e Física Experimental de Partículas (LIP);8,2;7,7;No;;;;;;;
CEECIND/02599/2018;Maria Teresa da Cruz Augusto Neves Petersen;Principal researcher;Basic and Clinical Medicine;Centro de Investigação em Biomedicina (CBMR);8,0;7,7;No;;;;;;;
CEECIND/00753/2018;Cristina Isabel Videira Fernandes;Principal researcher;Arts and Other Humanities;Instituto de Etnomusicologia - Centro de Estudos em Música e Dança (INET- md);8,2;7,7;No;;;;;;;
CEECIND/01916/2018;Loic Hilliou;Principal researcher;Materials Engineering and Nano-technology;Instituto de Nanoestruturas, Nanomodelação e Nanofabricação (I3N);8,1;7,7;No;;;;;;;
CEECIND/00979/2018;Christoph Friedrich Johannes Meyer;Principal researcher;Biological Sciences AR, PR and CR;Centro de Ecologia, Evolução e Alterações Ambientais (CE3C/FC/ULisboa);8,2;7,7;No;;;;;;;
CEECIND/02842/2018;Matthew Frederick Hayes;Principal researcher;Sociology and Other Social Sciences;Centro Interdisciplinar de Ciências Sociais (CICS.Nova/FCSH/UNL);8,1;7,7;No;;;;;;;
CEECIND/03359/2018;David Navas Otero;Principal researcher;Physical Sciences;Instituto de Nanociência e Nanotecnologia;8,2;7,7;No;;;;;;;
CEECIND/00347/2018;Sante Carloni;Principal researcher;Physical Sciences;Centro Multidisciplinar de Astrofísica (CENTRA/IST/ULisboa);8,2;7,7;No;;;;;;;
CEECIND/00733/2018;Hugo Manuel Lopes de Sousa;Principal researcher;Health Sciences and Other Medical Sciences;ICVS/3B`s - Laboratório Associado (ICVS/3B`s);8,1;7,7;No;;;;;;;
CEECIND/03026/2018;Carla Patricia Alves Freire Madeira da Cruz;Principal researcher;Health Sciences and Other Medical Sciences;Centro de Investigação em Ciências da Saúde (CICS/UBI);8,1;7,7;No;;;;;;;
CEECIND/01195/2018;Helena Cristina Ramos Jerónimo Dias Alves;Principal researcher;Materials Engineering and Nano-technology;CICECO- Instituto de Materiais de Aveiro (CICECO/UA);8,1;7,7;No;;;;;;;
CEECIND/02460/2018;Florence Janody;Principal researcher;Basic and Clinical Medicine;Instituto de Investigação e Inovação em Saúde (i3S/UP);8,0;7,7;No;;;;;;;
CEECIND/03890/2018;João Carlos de Campos Henriques;Principal researcher;Civil and Mechanical Engineering and Engineering Systems;Laboratório Associado de Energia, Transportes e Aeronáutica (LAETA);8,5;7,6;No;;;;;;;
CEECIND/03741/2018;Elsa Margarida Cabrita de Sousa Lechner;Principal researcher;Sociology and Other Social Sciences;Centro de Estudos Sociais (CES);8,0;7,6;No;;;;;;;
CEECIND/01533/2018;Isabel Alexandra de Almeida Canento Esteves;Principal researcher;Chemical Engineering;Laboratório Associado para a Química Verde - Tecnologias e Processos Limpos (REQUIMTE);7,8;7,6;No;;;;;;;
CEECIND/00903/2018;Patrícia Gonçalves Marques Cardoso Teixeira;Principal researcher;Biological Sciences AR, PR and CR;Centro Interdisciplinar de Investigação Marinha e Ambiental (CIIMAR/CIMAR);8,1;7,6;No;;;;;;;
CEECIND/01312/2018;Nelson José Cabaços Abrantes;Principal researcher;Earth and Related Environmental Sciences and Other Natural Sciences;Centro de Estudos do Ambiente e do Mar (CESAM/UA);8,2;7,6;No;;;;;;;
CEECIND/01977/2018;Gennady Kulikov;Principal researcher;Mathematics and Computer and Information Sciences;Centro de Matemática Computacional e Estocástica (CEMAT/IST/ULisboa);7,9;7,6;No;;;;;;;
CEECIND/02853/2018;Jorge Miguel Pereira de Oliveira da Silva Santos;Principal researcher;Agricultural and Veterinary Sciences;Centro de Estudos de Ciência Animal (CECA/ICETA-Porto/ICETA);8,1;7,6;No;;;;;;;
CEECIND/00762/2018;Luciano Boi;Principal researcher;Philosophy, Ethics and Religion;Centro de Filosofia da Ciência (FC/ULisboa);8,1;7,6;No;;;;;;;
CEECIND/03435/2018;Maria Manuela Duarte Guilherme;Principal researcher;Languages and Literature;Centro de Estudos Sociais (CES);8,4;7,6;No;;;;;;;
CEECIND/01052/2018;Bruno André Fernandes de Jesus da Silva Nunes;Principal researcher;Earth and Related Environmental Sciences and Other Natural Sciences;Centro de Estudos do Ambiente e do Mar (CESAM/UA);8,2;7,6;No;;;;;;;
CEECIND/03971/2018;Vitor Manuel Correlo da Silva;Principal researcher;Medical Engineering;ICVS/3B`s - Laboratório Associado (ICVS/3B`s);7,4;7,6;No;;;;;;;
CEECIND/01163/2018;Marcus Santos Mota;Principal researcher;Arts and Other Humanities;Centro de Estudos de Teatro (CET/FL/ULisboa);8,1;7,6;No;;;;;;;
CEECIND/03819/2018;Anatoly Shatalov;Principal researcher;Chemical Engineering;Centro de Estudos Florestais (CEF/ISA/ULisboa);7,7;7,5;No;;;;;;;
CEECIND/03062/2018;Tapas Chakraborty;Principal researcher;Agricultural and Veterinary Sciences;Centro de Ciências do Mar (CCMar/CIMAR);8,0;7,5;No;;;;;;;
CEECIND/01681/2018;Sipra Mohapatra;Principal researcher;Agricultural and Veterinary Sciences;Centro de Ciências do Mar (CCMar/CIMAR);8,0;7,5;No;;;;;;;
CEECIND/03760/2018;Pedro Alexandre Dias Soares;Principal researcher;Biological Sciences AR, PR and CR;Centro de Biologia Molecular e Ambiental (CBMA);8,0;7,5;No;;;;;;;
CEECIND/02660/2018;Filipe Adão Macedo Pereira;Principal researcher;Biological Sciences AR, PR and CR;Centro de Ecologia Funcional (CFE/FCT/UC);8,0;7,5;No;;;;;;;
CEECIND/03438/2018;Alberto Ramos;Principal researcher;Physical Sciences;Centro de Física Teórica de Partículas (CFTP/IST/ULisboa);8,0;7,5;No;;;;;;;
CEECIND/00394/2018;Luís Manuel Panchorrinha Fernandes;Principal researcher;Physical Sciences;Laboratório de Instrumentação, Engenharia Biomédica e Física da Radiação (LIBPhys);8,0;7,5;No;;;;;;;
CEECIND/00719/2018;Ana Luisa Moreira de Carvalho;Principal researcher;Biological Sciences AR, PR and CR;Unidade de Ciências Biomoleculares Aplicadas (UCIBIO);8,0;7,5;No;;;;;;;
CEECIND/01439/2018;Carlos José Amaro Parente Martins;Principal researcher;Physical Sciences;Instituto de Astrofísica e Ciências do Espaço (IA);8,0;7,5;No;;;;;;;
CEECIND/02173/2018;Bruce Forbes Milne;Principal researcher;Physical Sciences;Centro de Física da Universidade de Coimbra (CFisUC/FCT/UC);8,0;7,5;No;;;;;;;
CEECIND/02958/2018;Valentino Cattelan;Principal researcher;Sociology and Other Social Sciences;Centro em Rede de Investigação em Antropologia (CRIA);7,9;7,5;No;;;;;;;
CEECIND/02271/2018;Cleia Detry Cardoso e Cunha;Principal researcher;History and Archaeology;Centro de Arqueologia (UNIARQ/FL/ULisboa);7,8;7,5;No;;;;;;;
CEECIND/00772/2018;rui graça de castro feijó;Principal researcher;History and Archaeology;Centro de Estudos Sociais (CES);7,8;7,5;No;;;;;;;
CEECIND/02288/2018;Luis Alexandre Almeida Fernandes Cobra Branco;Principal researcher;Chemical Sciences;Laboratório Associado para a Química Verde - Tecnologias e Processos Limpos (REQUIMTE);8,3;7,5;No;;;;;;;
CEECIND/01999/2018;Alexey Karapetyants;Principal researcher;Mathematics and Computer and Information Sciences;Centro de Investigação e Desenvolvimento em Matemática e Aplicações (CIDMA/DM/UA);7,7;7,4;No;;;;;;;
CEECIND/03233/2018;Cláudia da Silva Pereira;Principal researcher;Sociology and Other Social Sciences;Instituto de Ciências Sociais da Universidade de Lisboa (ICS/ULisboa);7,8;7,4;No;;;;;;;
CEECIND/02758/2018;Daniel A. Di Liscia;Principal researcher;Philosophy, Ethics and Religion;Instituto de Filosofia (FL/UP);7,9;7,4;No;;;;;;;
CEECIND/03540/2018;Hugo Emanuel Vitorino Rebelo;Principal researcher;Biological Sciences AR, PR and CR;Rede de Investigação em Biodiversidade e Biologia Evolutiva (InBIO/ICETA-Porto/ICETA);7,9;7,4;No;;;;;;;
CEECIND/01995/2018;Maria Leonor Tavares Saúde;Principal researcher;Basic and Clinical Medicine;Instituto de Medicina Molecular João lobo Antunes (IMM/FM/ULisboa);7,7;7,4;No;;;;;;;
CEECIND/02937/2018;Toacy Cavalcante de Oliveira;Principal researcher;Mathematics and Computer and Information Sciences;Centro de Investigação em Ciências da Informação,Tecnologias e Arquitetura (ISTAR-IUL);7,7;7,4;No;;;;;;;
CEECIND/01596/2018;Paula Cristina Nunes Ferreira Calvinho;Principal researcher;Chemical Engineering;Centro de Investigação em Engenharia dos Processos Químicos e dos Produtos da Floresta (CIEPQPF/FCT/UC);7,6;7,4;No;;;;;;;
CEECIND/03629/2018;Sergio Fernando Dias Rosendo;Principal researcher;Earth and Related Environmental Sciences and Other Natural Sciences;Centro Interdisciplinar de Ciências Sociais (CICS.Nova/FCSH/UNL);7,9;7,3;No;;;;;;;
CEECIND/01142/2018;Sheila Pereira Khan;Principal researcher;Sociology and Other Social Sciences;Centro de Estudos de Comunicação e Sociedade (CECS/UM);7,7;7,3;No;;;;;;;
CEECIND/02465/2018;Daniela Maria Oliveira Gandra Ribeiro;Principal researcher;Biological Sciences AR, PR and CR;Instituto de Biomedicina - Aveiro (iBiMED/UA);7,8;7,3;No;;;;;;;
CEECIND/00359/2018;Ana Margarida Medrôa de Matos Hilário;Principal researcher;Biological Sciences AR, PR and CR;Centro de Estudos do Ambiente e do Mar (CESAM/UA);7,8;7,3;No;;;;;;;
CEECIND/00411/2018;Célia Maria Valente Romão;Principal researcher;Biological Sciences AR, PR and CR;Microbiologia Molecular, Estrutural e Celular (MOSTMICRO/ITQB NOVA/UNL);7,8;7,3;No;;;;;;;
CEECIND/02365/2018;Pablo Hernandez-Marrero;Principal researcher;Health Sciences and Other Medical Sciences;Centro de Estudos de Gestão e Economia (CEGE/CRP/UCP);7,6;7,3;No;;;;;;;
CEECIND/02815/2018;Alex Ferreira Magalhães;Principal researcher;Sociology and Other Social Sciences;Centro de Estudos Sociais (CES);7,7;7,3;No;;;;;;;
CEECIND/00437/2018;Maria Salomé Fernandes Martins Marivoet;Principal researcher;Sociology and Other Social Sciences;Centro de Investigação e Estudos de Sociologia (CIES-IUL/ISCTE-IUL);7,7;7,3;No;;;;;;;
CEECIND/00125/2018;Pedro Manuel Dias Neto Domingos;Principal researcher;Basic and Clinical Medicine;Microbiologia Molecular, Estrutural e Celular (MOSTMICRO/ITQB NOVA/UNL);7,6;7,3;No;;;;;;;
CEECIND/01932/2018;Raquel Alexandra Goncalves Costa;Principal researcher;Psychology and Cognitive Sciences;Unidade de Investigação em Epidemiologia - Instituto de Saúde Pública da Universidade do Porto (ISPUP - EPIUnit/ISPUP/UP);8,2;7,2;No;;;;;;;
CEECIND/00352/2018;Phan Thanh An;Principal researcher;Mathematics and Computer and Information Sciences;Centro de Matemática Computacional e Estocástica (CEMAT/IST/ULisboa);7,5;7,2;No;;;;;;;
CEECIND/03073/2018;Ugo Zilioli;Principal researcher;Philosophy, Ethics and Religion;Centro de Filosofia (CF/ULisboa);7,7;7,2;No;;;;;;;
CEECIND/02646/2018;Lydia Campbell;Principal researcher;Biological Sciences AR, PR and CR;Centro de Estudos de Recursos Naturais, Ambiente e Sociedade (CERNAS/ESAC/IPC);7,7;7,2;No;;;;;;;
CEECIND/01970/2018;Heikki Orelma;Principal researcher;Mathematics and Computer and Information Sciences;Centro de Investigação e Desenvolvimento em Matemática e Aplicações (CIDMA/DM/UA);7,5;7,2;No;;;;;;;
CEECIND/02702/2018;Oleksandr Tkach;Principal researcher;Materials Engineering and Nano-technology;CICECO- Instituto de Materiais de Aveiro (CICECO/UA);7,5;7,2;No;;;;;;;
CEECIND/00265/2018;Maximilian Kopylovich;Principal researcher;Chemical Sciences;Centro de Química Estrutural (CQE/IST/ULisboa);7,9;7,2;No;;;;;;;
CEECIND/03610/2018;Francisco José Galindo Rosales;Principal researcher;Civil and Mechanical Engineering and Engineering Systems;Centro de Estudos de Fenómenos de Transporte (FE/UP);8,1;7,2;No;;;;;;;
CEECIND/01436/2018;CAMILO AYRA PARDO;Principal researcher;Biological Sciences AR, PR and CR;Centro Interdisciplinar de Investigação Marinha e Ambiental (CIIMAR/CIMAR);7,7;7,2;No;;;;;;;
CEECIND/03027/2018;Carlos Alberto Lobo;Principal researcher;Philosophy, Ethics and Religion;Centro de Filosofia da Ciência (FC/ULisboa);7,7;7,2;No;;;;;;;
CEECIND/02907/2018;Diego Martínez Martínez;Principal researcher;Materials Engineering and Nano-technology;Centro de Física (CF/UM);7,5;7,2;No;;;;;;;
CEECIND/01375/2018;Ana Cláudia Relvas Vieira Dias;Principal researcher;Environmental Biotechnology and Engineering, Industrial Biotechnology and Other Engineering and Technologies;Centro de Estudos do Ambiente e do Mar (CESAM/UA);7,6;7,2;No;;;;;;;
CEECIND/02778/2018;Wanessa Asfora Nadler;Principal researcher;History and Archaeology;Centro de Estudos Clássicos e Humanísticos (CECH/FL/UC);7,4;7,2;No;;;;;;;
CEECIND/02948/2018;Isabel Cristina Ferreira Neves Baltazar;Principal researcher;History and Archaeology;Instituto de História Contemporânea (IHC/FCSH/UNL);7,4;7,2;No;;;;;;;
CEECIND/00429/2018;Rosa de Fátima Lopes de Freitas;Principal researcher;Biological Sciences AR, PR and CR;Centro de Estudos do Ambiente e do Mar (CESAM/UA);7,7;7,2;No;;;;;;;
CEECIND/00920/2018;Erwan GAREL;Principal researcher;Earth and Related Environmental Sciences and Other Natural Sciences;Centro de Investigação Marinha e Ambiental (CIMA/FCMA/UAlg);7,7;7,1;No;;;;;;;
CEECIND/01318/2018;Elin Moe;Principal researcher;Biological Sciences AR, PR and CR;Microbiologia Molecular, Estrutural e Celular (MOSTMICRO/ITQB NOVA/UNL);7,6;7,1;No;;;;;;;
CEECIND/01145/2018;Pedro Miguel Ribeiro Silva;Principal researcher;Health Sciences and Other Medical Sciences;Centro de Investigação em Actividade Física, Saúde e Lazer (CIAFEL/FADE/UP);7,4;7,1;No;;;;;;;
CEECIND/02991/2018;Susana Cristina Araújo Póvoas;Principal researcher;Health Sciences and Other Medical Sciences;Centro de Investigação em Desporto, Saúde e Desenvolvimento Humano (CIDESD);7,4;7,1;No;;;;;;;
CEECIND/00578/2018;Carla Maria Duarte Nunes;Principal researcher;Chemical Sciences;Centro de Química Estrutural (CQE/IST/ULisboa);7,8;7,1;No;;;;;;;
CEECIND/03897/2018;Joana Rodrigues Arantes da Silva;Principal researcher;Psychology and Cognitive Sciences;Centro de Investigação em Psicologia (CIPsi/UM);8,0;7,0;No;;;;;;;
CEECIND/03495/2018;Travis Blake Meador;Principal researcher;Earth and Related Environmental Sciences and Other Natural Sciences;Centro de Ciências do Mar (CCMar/CIMAR);7,6;7,0;No;;;;;;;
CEECIND/00553/2018;Uladzimir Khomchanka;Principal researcher;Physical Sciences;Centro de Física da Universidade de Coimbra (CFisUC/FCT/UC);7,5;7,0;No;;;;;;;
CEECIND/02400/2018;Chiara Lombardi;Principal researcher;Biological Sciences AR, PR and CR;Centro de Ciências do Mar (CCMar/CIMAR);7,5;7,0;No;;;;;;;
CEECIND/01388/2018;Joao Filipe Bogalho Vicente;Principal researcher;Biological Sciences AR, PR and CR;iNOVA4Health - Programme in Translational Medicine (iNOVA4Health);7,5;7,0;No;;;;;;;
CEECIND/01125/2018;Maria Antónia de Figueiredo Pires de Almeida;Principal researcher;Media and Communications, Law and Political Science;Centro de Investigação e Estudos de Sociologia (CIES-IUL/ISCTE-IUL);7,6;7,0;No;;;;;;;
CEECIND/01339/2018;Pedro Aragón Carrera;Principal researcher;Earth and Related Environmental Sciences and Other Natural Sciences;Rede de Investigação em Biodiversidade e Biologia Evolutiva (InBIO/ICETA-Porto/ICETA);7,6;7,0;No;;;;;;;
CEECIND/00331/2018;António Jorge da Costa Leite;Principal researcher;Psychology and Cognitive Sciences;Centro de Investigação em Psicologia (CIPsi/UM);7,8;6,9;No;;;;;;;
CEECIND/02079/2018;Carla Maria da Cunha Roque;Principal researcher;Civil and Mechanical Engineering and Engineering Systems;Centro de Tecnologia Mecânica e Automação (TEMA/UA);7,8;6,9;No;;;;;;;
CEECIND/00110/2018;Maria Isabel da Fonseca e Castro Moreira Azevedo;Principal researcher;Arts and Other Humanities;Instituto de Investigação em Design, Media e Cultura (ID+);7,4;6,9;No;;;;;;;
CEECIND/01757/2018;Jorge Humberto dos Santos Seabra;Principal researcher;Arts and Other Humanities;Centro de Estudos Interdisciplinares do Século XX (CEIS 20/UC);7,4;6,9;No;;;;;;;
CEECIND/01962/2018;Maria Teresa Burnay Summavielle;Principal researcher;Basic and Clinical Medicine;Instituto de Investigação e Inovação em Saúde (i3S/UP);7,2;6,9;No;;;;;;;
CEECIND/03291/2018;Neda Torabi Farsani;Principal researcher;Sociology and Other Social Sciences;Unidade de Investigação em Governança, Competitividade e Políticas Públicas (GOVCOPP);7,3;6,9;No;;;;;;;
CEECIND/01993/2018;Mesnard Michel;Principal researcher;Civil and Mechanical Engineering and Engineering Systems;Centro de Tecnologia Mecânica e Automação (TEMA/UA);7,8;6,9;No;;;;;;;
CEECIND/01450/2018;Dennis Nickolayevich Zuev;Principal researcher;Sociology and Other Social Sciences;Centro de Investigação e Estudos de Sociologia (CIES-IUL/ISCTE-IUL);7,3;6,9;No;;;;;;;
CEECIND/00954/2018;Robert Russell Monteith Paterson;Principal researcher;Agricultural and Veterinary Sciences;Centro de Engenharia Biológica da Universidade do Minho (CEB/UM);7,4;6,9;No;;;;;;;
CEECIND/00627/2018;MÁRCIA MARIA MENENDES MOTTA;Principal researcher;History and Archaeology;Centro de História da Sociedade e da Cultura (FL/UC);7,1;6,9;No;;;;;;;
CEECIND/03856/2018;Felipe Andrés Olivares Estay;Principal researcher;Physical Sciences;Centro Multidisciplinar de Astrofísica (CENTRA/IST/ULisboa);7,3;6,8;No;;;;;;;
CEECIND/00056/2018;Roberto Angeloni;Principal researcher;Philosophy, Ethics and Religion;Centro de Filosofia (CF/ULisboa);7,3;6,8;No;;;;;;;
CEECIND/00327/2018;Pedro Fernando Simões Costa;Principal researcher;Physical Sciences;Centro de Física da Universidade de Coimbra (CFisUC/FCT/UC);7,3;6,8;No;;;;;;;
CEECIND/04116/2018;Rui Pedro da Costa Neto;Principal researcher;Civil and Mechanical Engineering and Engineering Systems;Laboratório de Robótica e Sistemas de Engenharia (Larsys);7,6;6,8;No;;;;;;;
CEECIND/03917/2018;Amar Debbouche;Principal researcher;Mathematics and Computer and Information Sciences;Centro de Investigação e Desenvolvimento em Matemática e Aplicações (CIDMA/DM/UA);7,1;6,8;No;;;;;;;
CEECIND/04090/2018;João Miguel Magalhães Neto;Principal researcher;Earth and Related Environmental Sciences and Other Natural Sciences;MARE - Centro de Ciências do Mar e do Ambiente (MARE/FC/ULisboa);7,3;6,8;No;;;;;;;
CEECIND/03065/2018;Susana Alexandra Tavares Meneses Barbosa;Principal researcher;Earth and Related Environmental Sciences and Other Natural Sciences;Inesc Tec - Instituto de Engenharia de Sistemas e Computadores, Tecnologia e Ciência (INESC TEC);7,3;6,8;No;;;;;;;
CEECIND/02406/2018;Federica Ragazzola;Principal researcher;Biological Sciences AR, PR and CR;Centro de Ciências do Mar (CCMar/CIMAR);7,2;6,7;No;;;;;;;
CEECIND/03096/2018;Iñaki San Pedro García;Principal researcher;Philosophy, Ethics and Religion;Centro de Filosofia da Ciência (FC/ULisboa);7,2;6,7;No;;;;;;;
CEECIND/02338/2018;Ana Cristina Correia dos Santos;Principal researcher;Health Sciences and Other Medical Sciences;Unidade de Investigação em Epidemiologia - Instituto de Saúde Pública da Universidade do Porto (ISPUP - EPIUnit/ISPUP/UP);7,0;6,7;No;;;;;;;
CEECIND/03283/2018;José Alberto Salgado e Silva;Principal researcher;Arts and Other Humanities;Instituto de Etnomusicologia - Centro de Estudos em Música e Dança (INET- md);7,2;6,7;No;;;;;;;
CEECIND/00712/2018;Ana Luisa Varani Leal;Principal researcher;Languages and Literature;Centro Interdisciplinar de História, Culturas e Sociedades (CIDEHUS/UE);7,4;6,7;No;;;;;;;
CEECIND/00443/2018;Rui Miguel dos Santos Martins;Principal researcher;Environmental Biotechnology and Engineering, Industrial Biotechnology and Other Engineering and Technologies;Instituto de Plasma e Fusão Nuclear (IPFN/IST/ULisboa);7,1;6,7;No;;;;;;;
CEECIND/04006/2018;Angela Maria Teixeira Leite;Principal researcher;Psychology and Cognitive Sciences;Centro de Investigação em Psicologia (CIPsi/UM);7,5;6,6;No;;;;;;;
CEECIND/02016/2018;Alisson Marques de Miranda Cabral Gontijo;Principal researcher;Biological Sciences AR, PR and CR;iNOVA4Health - Programme in Translational Medicine (iNOVA4Health);7,0;6,6;No;;;;;;;
CEECIND/00939/2018;Mário de Souza Reis Junior;Principal researcher;Physical Sciences;Instituto de Nanociência e Nanotecnologia;7,0;6,6;No;;;;;;;
CEECIND/00775/2018;Rui Miguel Curado da Silva;Principal researcher;Physical Sciences;Laboratório de Instrumentação e Física Experimental de Partículas (LIP);7,0;6,6;No;;;;;;;
CEECIND/02003/2018;Pedrame Bargassa;Principal researcher;Physical Sciences;Laboratório de Instrumentação e Física Experimental de Partículas (LIP);7,0;6,6;No;;;;;;;
CEECIND/01755/2018;IOLANDA MARIA ALVES ÉVORA;Principal researcher;Sociology and Other Social Sciences;Investigação em Ciências Sociais e Gestão (CSG) (CSG);7,0;6,6;No;;;;;;;
CEECIND/03727/2018;Fabrice Aimé Fernand Schurmans;Principal researcher;Languages and Literature;Centro de Estudos Sociais (CES);7,3;6,6;No;;;;;;;
CEECIND/03948/2018;Ana Sofia Gonçalves Santos;Principal researcher;Agricultural and Veterinary Sciences;Centro de Investigação e de Tecnologias Agro-Ambientais e Biológicas (CITAB/UTAD);7,1;6,6;No;;;;;;;
CEECIND/03622/2018;Susana Matos Abreu;Principal researcher;Arts and Other Humanities;Centro de Estudos de Arquitectura e Urbanismo (CEAU/FA/UP);7,1;6,6;No;;;;;;;
CEECIND/02262/2018;Ghoncheh Tazmini;Principal researcher;Sociology and Other Social Sciences;Centro de Estudos Internacionais (CEI-IUL/ISCTE-IUL);6,9;6,5;No;;;;;;;
CEECIND/02772/2018;Luis António da Silva Borda de Água;Principal researcher;Biological Sciences AR, PR and CR;Rede de Investigação em Biodiversidade e Biologia Evolutiva (InBIO/ICETA-Porto/ICETA);6,9;6,5;No;;;;;;;
CEECIND/03260/2018;Edgar Anibal Galindo Cota;Principal researcher;Psychology and Cognitive Sciences;Centro de Estudos Interdisciplinares em Educação e Desenvolvimento (CeiED/COFAC);7,4;6,5;No;;;;;;;
CEECIND/03066/2018;Ana Cláudia de Assis;Principal researcher;Arts and Other Humanities;Centro de Estudos de Sociologia e Estética Musical (CESEM/FCSH/UNL);6,9;6,5;No;;;;;;;
CEECIND/02641/2018;Nythamar Hilario Fernandes de Oliveira Junior;Principal researcher;Philosophy, Ethics and Religion;Centro de Estudos Humanísticos (CEH/UM);6,9;6,5;No;;;;;;;
CEECIND/00479/2018;Filippo Bonini Baraldi;Principal researcher;Arts and Other Humanities;Instituto de Etnomusicologia - Centro de Estudos em Música e Dança (INET- md);6,9;6,5;No;;;;;;;
CEECIND/01074/2018;Rip Cohen;Principal researcher;Languages and Literature;Centro de Humanidades (CHAM/FCSH/UNL);7,1;6,4;No;;;;;;;
CEECIND/00351/2018;Jorge Albino Cadeias Araujo Carneiro;Principal researcher;Biological Sciences AR, PR and CR;Microbiologia Molecular, Estrutural e Celular (MOSTMICRO/ITQB NOVA/UNL);6,7;6,3;No;;;;;;;
CEECIND/00166/2018;Davide Masoero;Principal researcher;Mathematics and Computer and Information Sciences;Grupo de Física Matemática (GFM/ULisboa);6,6;6,3;No;;;;;;;
CEECIND/03992/2018;Ana Isabel Palmero Marrero;Principal researcher;Civil and Mechanical Engineering and Engineering Systems;Laboratório Associado de Energia, Transportes e Aeronáutica (LAETA);7,0;6,2;No;;;;;;;
CEECIND/01751/2018;Dr Paul Richard Smart;Principal researcher;Psychology and Cognitive Sciences;IFILNOVA- Instituto de Filosofia da Nova (IFILNOVA) (IFILNOVA/FCSH/UNL);6,9;6,1;No;;;;;;;
CEECIND/03832/2018;Carlos Miguel Tamarit Degenhardt;Principal researcher;Physical Sciences;Instituto de Astrofísica e Ciências do Espaço (IA);6,5;6,1;No;;;;;;;
CEECIND/04075/2018;Rogerio Roth;Principal researcher;Education;Centro de Estudos Interdisciplinares em Educação e Desenvolvimento (CeiED/COFAC);5,6;6,1;No;;;;;;;
CEECIND/03210/2018;Fatima Lampreia Carvalho;Principal researcher;Media and Communications, Law and Political Science;Centro de Investigação Sobre o Espaço e as Organizações (CIEO);6,5;6,0;No;;;;;;;
CEECIND/02770/2018;Manuel Santos Estévez;Principal researcher;History and Archaeology;Laboratório de Paisagens, Património e Território (Lab2PT);6,2;6,0;No;;;;;;;
CEECIND/01841/2018;Pedro Jose Tótora da Glória;Principal researcher;Biological Sciences AR, PR and CR;Centro de Investigação em Antropologia e Saúde (CIAS/FCT/UC);6,4;6,0;No;;;;;;;
CEECIND/02409/2018;Acacia Cristina Mendes Malhado;Principal researcher;Economics and Business, Social and Economic Geography;Centro de Investigação Aplicada em Turismo (CiTUR/IPLeiria);5,9;5,9;No;;;;;;;
CEECIND/01981/2018;Graça Maria Rovisco Garcia Pedroso Mallaguerra Nunes;Principal researcher;Arts and Other Humanities;Centro de Investigação em Arquitectura, Urbanismo e Design (CIAUD);6,3;5,9;No;;;;;;;
CEECIND/02724/2018;Alfonso Vigil-Escalera Guirado;Principal researcher;History and Archaeology;Instituto de Estudos Medievais (IEM/FCSH/UNL);6,0;5,8;No;;;;;;;
CEECIND/00766/2018;António Manuel de Almeida dos Santos Queirós;Principal researcher;Philosophy, Ethics and Religion;Centro de Filosofia (CF/ULisboa);6,2;5,8;No;;;;;;;
CEECIND/02448/2018;Rosalina Maria Regada Carvalho Fonseca de Alvarez;Principal researcher;Basic and Clinical Medicine;iNOVA4Health - Programme in Translational Medicine (iNOVA4Health);6,1;5,8;No;;;;;;;
CEECIND/02311/2018;Paulo Tiago Paulos Bento;Principal researcher;Sociology and Other Social Sciences;Centro de Investigação e Estudos de Sociologia (CIES-IUL/ISCTE-IUL);6,1;5,8;No;;;;;;;
CEECIND/02392/2018;Filipe Manuel Almeida Veloso;Principal researcher;Physical Sciences;Laboratório de Instrumentação e Física Experimental de Partículas (LIP);6,1;5,7;No;;;;;;;
CEECIND/00605/2018;Pedro Eduardo Mendes Ferreira;Principal researcher;Basic and Clinical Medicine;ICVS/3B`s - Laboratório Associado (ICVS/3B`s);6,0;5,7;No;;;;;;;
CEECIND/01869/2018;Jason Keith Fernandes;Principal researcher;Sociology and Other Social Sciences;Centro em Rede de Investigação em Antropologia (CRIA);6,0;5,7;No;;;;;;;
CEECIND/02671/2018;Carlos Manuel Godinho Fernandes Lopes;Principal researcher;Economics and Business, Social and Economic Geography;Investigação em Ciências Sociais e Gestão (CSG) (CSG);5,7;5,7;No;;;;;;;
CEECIND/03933/2018;Frederico Nuno Castanheira Aires da Silva;Principal researcher;Health Sciences and Other Medical Sciences;Centro de Investigação Interdisciplinar em Sanidade Animal (CIISA/FMV/ULisboa);5,9;5,6;No;;;;;;;
CEECIND/03363/2018;PHILIP JOHN GERRISH;Principal researcher;Biological Sciences AR, PR and CR;Centro de Ciências do Mar (CCMar/CIMAR);6,0;5,6;No;;;;;;;
CEECIND/02575/2018;Andrei Nikolaev;Principal researcher;Psychology and Cognitive Sciences;Centro de Investigação do Núcleo de Estudos e Intervenção Cognitivo-Comportamental (CINEICC);6,4;5,6;No;;;;;;;
CEECIND/01851/2018;Celestino Vaz Tomas Jone Joanguete;Principal researcher;Media and Communications, Law and Political Science;Centro de Estudos de Comunicação e Sociedade (CECS/UM);6,0;5,6;No;;;;;;;
CEECIND/01256/2018;Mohammed Sadeq Abdulhameed Al-Rawi;Principal researcher;Electrical, Electronic and Information Engineering;Instituto de Engenharia Eletrónica e Informática de Aveiro;5,7;5,6;No;;;;;;;
CEECIND/03615/2018;monica toledo silva;Principal researcher;Arts and Other Humanities;I2ADS - Instituto de Investigação em Arte, Design e Sociedade (I2ADS);5,8;5,4;No;;;;;;;
CEECIND/03120/2018;Flavio D'Abramo;Principal researcher;Sociology and Other Social Sciences;Centro Interuniversitário de História das Ciências e daTecnologia (CIUHCT);5,7;5,4;No;;;;;;;
CEECIND/03292/2018;Luz Calia Miramontes Sequeiros;Principal researcher;Biological Sciences AR, PR and CR;Centro de Ciências do Mar (CCMar/CIMAR);5,7;5,3;No;;;;;;;
CEECIND/01806/2018;Isabel Maria da Silva Marcos Bourhis;Principal researcher;Arts and Other Humanities;Centro Interdisciplinar de Ciências Sociais (CICS.Nova/FCSH/UNL);5,7;5,3;No;;;;;;;
CEECIND/00618/2018;Marta Vaz Mendes;Principal researcher;Biological Sciences AR, PR and CR;Instituto de Investigação e Inovação em Saúde (i3S/UP);5,6;5,2;No;;;;;;;
CEECIND/02824/2018;CLAUDIA RIBEIRO PEREIRA NUNES;Principal researcher;Sociology and Other Social Sciences;Centro Interdisciplinar de Ciências Sociais (CICS.Nova/FCSH/UNL);5,5;5,2;No;;;;;;;
CEECIND/02492/2018;José ALexandre Cardoso Marques;Principal researcher;Arts and Other Humanities;Centro de Estudos Interdisciplinares do Século XX (CEIS 20/UC);5,5;5,1;No;;;;;;;
CEECIND/01426/2018;Philippe Gil de Mendonça;Principal researcher;Biological Sciences AR, PR and CR;Centro de Estudos do Ambiente e do Mar (CESAM/UA);5,3;5,0;No;;;;;;;
CEECIND/00662/2018;LIDICE MEYER PINTO RIBEIRO;Principal researcher;Education;Centro de Literaturas e Culturas Lusófonas e Europeia (CLEPUL/FL/ULisboa);4,4;4,8;No;;;;;;;
CEECIND/04118/2018;Paulo da Silva Quadros;Principal researcher;Media and Communications, Law and Political Science;Centro de Investigação em Comunicação, Informação e Cultura Digital (CIC. Digital/FCSH/UNL);4,6;4,3;No;;;;;;;
CEECIND/03337/2018;António De Sousa Barros;Principal researcher;Health Sciences and Other Medical Sciences;Unidade de Investigação e Desenvolvimento Cardiovascular (UIDC/FM/UP);4,4;4,2;No;;;;;;;
CEECIND/03145/2018;Bongkeum Jeong;Principal researcher;Mathematics and Computer and Information Sciences;Laboratório de Robótica e Sistemas de Engenharia (Larsys);4,0;3,8;No;;;;;;;
CEECIND/03602/2018;Luís Alberto Esteves dos Santos Casimiro;Principal researcher;Arts and Other Humanities;Centro de Investigação e de Estudos em Belas-Artes (CIEBA/FBA/ULisboa);3,2;3,0;No;;;;;;;
CEECIND/02650/2018;Abdeljalil Bouzouggar;Principal researcher;Education;Centro Interdisciplinar de Arqueologia e Evolução do Comportamento Humano (ICArEHB/UAlg);1,0;1,1;No;;;;;;;
;;;;;;;;;;;;;;
 * According to Decree-law No. 29/2001 of february 3.;;;;;;;;;;;;;;